Epoch,loss,r_squared,val_loss,val_r_squared
1,0.06134074181318283,0.9299120903015137,0.06477062404155731,0.9267207384109497
2,0.06104035675525665,0.9319137930870056,0.06022114306688309,0.9322184324264526
3,0.06124480441212654,0.9309111833572388,0.061299268156290054,0.93071448802948
