RMSE,R SQUARED
0.27416899792183475,0.9198169708251953
